USE [DianApp_BD]
GO
SET IDENTITY_INSERT [dbo].[TL_CLIENTES] ON 
GO
INSERT [dbo].[TL_CLIENTES] ([IDE_CLIENTE], [NOM_CLIENTE], [NUM_TELEFONO], [NOM_DIRECCION], [FEC_INGRESO], [COD_ESTRATO]) VALUES (1, N'Cliente 01', 301110000, N'Cra 15 #13-01', CAST(N'2011-04-01T00:00:00.0000000' AS DateTime2), 4)
INSERT [dbo].[TL_CLIENTES] ([IDE_CLIENTE], [NOM_CLIENTE], [NUM_TELEFONO], [NOM_DIRECCION], [FEC_INGRESO], [COD_ESTRATO]) VALUES (2, N'Cliente 02', 302200000, N'Cra 16 #14-02', CAST(N'2012-05-02T00:00:00.0000000' AS DateTime2), 5)
INSERT [dbo].[TL_CLIENTES] ([IDE_CLIENTE], [NOM_CLIENTE], [NUM_TELEFONO], [NOM_DIRECCION], [FEC_INGRESO], [COD_ESTRATO]) VALUES (3, N'Cliente 02', 311300000, N'Cra 05 #14-02', CAST(N'2013-05-02T00:00:00.0000000' AS DateTime2), 5)
INSERT [dbo].[TL_CLIENTES] ([IDE_CLIENTE], [NOM_CLIENTE], [NUM_TELEFONO], [NOM_DIRECCION], [FEC_INGRESO], [COD_ESTRATO]) VALUES (4, N'Cliente 02', 312200000, N'Cra 13 #14-02', CAST(N'2013-05-02T00:00:00.0000000' AS DateTime2), 5)
INSERT [dbo].[TL_CLIENTES] ([IDE_CLIENTE], [NOM_CLIENTE], [NUM_TELEFONO], [NOM_DIRECCION], [FEC_INGRESO], [COD_ESTRATO]) VALUES (5, N'Cliente 02', 313456000, N'Cra 14 #14-02', CAST(N'2013-05-02T00:00:00.0000000' AS DateTime2), 5)
INSERT [dbo].[TL_CLIENTES] ([IDE_CLIENTE], [NOM_CLIENTE], [NUM_TELEFONO], [NOM_DIRECCION], [FEC_INGRESO], [COD_ESTRATO]) VALUES (6, N'Cliente 02', 314248000, N'Cra 16 #14-02', CAST(N'2012-05-02T00:00:00.0000000' AS DateTime2), 5)
INSERT [dbo].[TL_CLIENTES] ([IDE_CLIENTE], [NOM_CLIENTE], [NUM_TELEFONO], [NOM_DIRECCION], [FEC_INGRESO], [COD_ESTRATO]) VALUES (7, N'Cliente 02', 315200000, N'Cra 15 #14-02', CAST(N'2013-05-02T00:00:00.0000000' AS DateTime2), 5)
INSERT [dbo].[TL_CLIENTES] ([IDE_CLIENTE], [NOM_CLIENTE], [NUM_TELEFONO], [NOM_DIRECCION], [FEC_INGRESO], [COD_ESTRATO]) VALUES (8, N'Cliente 02', 316200000, N'Cra 20 #14-02', CAST(N'2012-05-02T00:00:00.0000000' AS DateTime2), 5)
INSERT [dbo].[TL_CLIENTES] ([IDE_CLIENTE], [NOM_CLIENTE], [NUM_TELEFONO], [NOM_DIRECCION], [FEC_INGRESO], [COD_ESTRATO]) VALUES (9, N'Cliente 02', 317200000, N'Cra 19 #14-02', CAST(N'2012-05-02T00:00:00.0000000' AS DateTime2), 5)
INSERT [dbo].[TL_CLIENTES] ([IDE_CLIENTE], [NOM_CLIENTE], [NUM_TELEFONO], [NOM_DIRECCION], [FEC_INGRESO], [COD_ESTRATO]) VALUES (10, N'Cliente 02',322200000, N'Cra 33 #14-02', CAST(N'2012-05-02T00:00:00.0000000' AS DateTime2), 5)

GO
SET IDENTITY_INSERT [dbo].[TL_CLIENTES] OFF
GO
SET IDENTITY_INSERT [dbo].[TL_TIPOS_TARJETA_CREDITO] ON 
GO
INSERT [dbo].[TL_TIPOS_TARJETA_CREDITO] ([IDE_TIPO_TARJETA], [NOM_TIPO_TARJETA]) VALUES (1, N'American')
INSERT [dbo].[TL_TIPOS_TARJETA_CREDITO] ([IDE_TIPO_TARJETA], [NOM_TIPO_TARJETA]) VALUES (2, N'Visa')
INSERT [dbo].[TL_TIPOS_TARJETA_CREDITO] ([IDE_TIPO_TARJETA], [NOM_TIPO_TARJETA]) VALUES (3, N'Master')
INSERT [dbo].[TL_TIPOS_TARJETA_CREDITO] ([IDE_TIPO_TARJETA], [NOM_TIPO_TARJETA]) VALUES (4, N'Falabella')
GO
SET IDENTITY_INSERT [dbo].[TL_TIPOS_TARJETA_CREDITO] OFF
GO

SET IDENTITY_INSERT [dbo].[TL_PROVEEDORES] ON 
GO
INSERT INTO [dbo].[TL_PROVEEDORES] ([IDE_PROVEEDOR],[NOM_NOMBRE_PROVEEDOR],[COD_TIPO_IDENTIFICACION],[NUM_IDENTIFICACION])
     VALUES(1,'DANTE','NIT','10102582225-5')
GO
SET IDENTITY_INSERT [dbo].[TL_PROVEEDORES] OFF
GO




SET IDENTITY_INSERT [dbo].[TL_FACTURAS] ON 
GO
INSERT [dbo].[TL_FACTURAS] ([IDE_FACTURA], [FEC_FACTURA], [IDE_CLIENTE], [VAL_FACTURA], [COD_TIPO_PAGO], [IDE_TIPO_TARJETA],[IDE_PROVEEDOR]) VALUES (1, CAST(N'2023-05-01' AS Date), 2, CAST(46000 AS Decimal(15, 0)), 1, 2,1)
INSERT [dbo].[TL_FACTURAS] ([IDE_FACTURA], [FEC_FACTURA], [IDE_CLIENTE], [VAL_FACTURA], [COD_TIPO_PAGO], [IDE_TIPO_TARJETA],[IDE_PROVEEDOR]) VALUES (2, CAST(N'2020-08-01' AS Date), 2, CAST(500000 AS Decimal(15, 0)), 1, 2,1)
INSERT [dbo].[TL_FACTURAS] ([IDE_FACTURA], [FEC_FACTURA], [IDE_CLIENTE], [VAL_FACTURA], [COD_TIPO_PAGO], [IDE_TIPO_TARJETA],[IDE_PROVEEDOR]) VALUES (3, CAST(N'2021-01-11' AS Date), 2, CAST(600000 AS Decimal(15, 0)), 1, 2,1)
INSERT [dbo].[TL_FACTURAS] ([IDE_FACTURA], [FEC_FACTURA], [IDE_CLIENTE], [VAL_FACTURA], [COD_TIPO_PAGO], [IDE_TIPO_TARJETA],[IDE_PROVEEDOR]) VALUES (4, CAST(N'2021-06-01' AS Date), 2, CAST(60000000 AS Decimal(15, 0)), 1, 2,1)
GO
SET IDENTITY_INSERT [dbo].[TL_FACTURAS] OFF
GO
SET IDENTITY_INSERT [dbo].[TL_PRODUCTOS] ON 
GO
INSERT [dbo].[TL_PRODUCTOS] ([IDE_PRODUCTO], [NOM_PRODUCTO], [VAL_UNITARIO], [NUM_UNIDADES_DISPONIBLES], [FEC_INGRESO]) VALUES (1, N'Crema Dientes', CAST(5000 AS Decimal(15, 0)), 1000, CAST(N'2022-11-01T00:00:00.0000000' AS DateTime2))
INSERT [dbo].[TL_PRODUCTOS] ([IDE_PRODUCTO], [NOM_PRODUCTO], [VAL_UNITARIO], [NUM_UNIDADES_DISPONIBLES], [FEC_INGRESO]) VALUES (2, N'Crema Cuerpo', CAST(7000 AS Decimal(15, 0)), 1000, CAST(N'2022-11-01T00:00:00.0000000' AS DateTime2))
INSERT [dbo].[TL_PRODUCTOS] ([IDE_PRODUCTO], [NOM_PRODUCTO], [VAL_UNITARIO], [NUM_UNIDADES_DISPONIBLES], [FEC_INGRESO]) VALUES (3, N'Cepillo Dental', CAST(4000 AS Decimal(15, 0)), 1000, CAST(N'2022-11-01T00:00:00.0000000' AS DateTime2))
INSERT [dbo].[TL_PRODUCTOS] ([IDE_PRODUCTO], [NOM_PRODUCTO], [VAL_UNITARIO], [NUM_UNIDADES_DISPONIBLES], [FEC_INGRESO]) VALUES (4, N'Cuaderno 100 hojas', CAST(10000 AS Decimal(15, 0)), 1000, CAST(N'2022-11-01T00:00:00.0000000' AS DateTime2))
INSERT [dbo].[TL_PRODUCTOS] ([IDE_PRODUCTO], [NOM_PRODUCTO], [VAL_UNITARIO], [NUM_UNIDADES_DISPONIBLES], [FEC_INGRESO]) VALUES (5, N'Bolso Escolar', CAST(30000 AS Decimal(15, 0)), 1000, CAST(N'2022-11-01T00:00:00.0000000' AS DateTime2))
INSERT [dbo].[TL_PRODUCTOS] ([IDE_PRODUCTO], [NOM_PRODUCTO], [VAL_UNITARIO], [NUM_UNIDADES_DISPONIBLES], [FEC_INGRESO]) VALUES (6, N'Maleta Viaje', CAST(60000 AS Decimal(15, 0)), 1000, CAST(N'2022-11-01T00:00:00.0000000' AS DateTime2))
INSERT [dbo].[TL_PRODUCTOS] ([IDE_PRODUCTO], [NOM_PRODUCTO], [VAL_UNITARIO], [NUM_UNIDADES_DISPONIBLES], [FEC_INGRESO]) VALUES (7, N'Monitor', CAST(600000 AS Decimal(15, 0)), 1000, CAST(N'2022-11-01T00:00:00.0000000' AS DateTime2))
GO
SET IDENTITY_INSERT [dbo].[TL_PRODUCTOS] OFF
GO
INSERT [dbo].[TL_DETALLES_FACTURAS] ([IDE_FACTURA], [IDE_PRODUCTO], [NUM_UNIDADES], [VAL_SUBTOTAL]) VALUES (1, 1, 5, CAST(25000 AS Decimal(22, 0)))
INSERT [dbo].[TL_DETALLES_FACTURAS] ([IDE_FACTURA], [IDE_PRODUCTO], [NUM_UNIDADES], [VAL_SUBTOTAL]) VALUES (1, 2, 3, CAST(21000 AS Decimal(22, 0)))
INSERT [dbo].[TL_DETALLES_FACTURAS] ([IDE_FACTURA], [IDE_PRODUCTO], [NUM_UNIDADES], [VAL_SUBTOTAL]) VALUES (2, 4, 55, CAST(500000 AS Decimal(22, 0)))
INSERT [dbo].[TL_DETALLES_FACTURAS] ([IDE_FACTURA], [IDE_PRODUCTO], [NUM_UNIDADES], [VAL_SUBTOTAL]) VALUES (3, 5, 20, CAST(600000 AS Decimal(22, 0)))
INSERT [dbo].[TL_DETALLES_FACTURAS] ([IDE_FACTURA], [IDE_PRODUCTO], [NUM_UNIDADES], [VAL_SUBTOTAL]) VALUES (4, 7, 10, CAST(6000000 AS Decimal(22, 0)))
GO

